<?xml version="1.0" encoding="UTF-8"?>
<!DOCTYPE hibernate-reverse-engineering PUBLIC "-//Hibernate/Hibernate Reverse Engineering DTD 3.0//EN" "http://hibernate.sourceforge.net/hibernate-reverse-engineering-3.0.dtd" >

<hibernate-reverse-engineering>
	<table name="studentdb" catalog="stumansystemdb"
		class="cn.hiber.entity.StudentInfo">
		<primary-key>
			<generator class="increment"></generator>
		</primary-key>
	</table>
<table name="userdb" catalog="stumansystemdb"
	class="cn.hiber.entity.UserInfo">
	<primary-key>
		<generator class="increment"></generator>
	</primary-key>
</table>
</hibernate-reverse-engineering>