<?xml version="1.0" encoding="utf-8"?>
<!DOCTYPE hibernate-mapping PUBLIC "-//Hibernate/Hibernate Mapping DTD 3.0//EN"
"http://hibernate.sourceforge.net/hibernate-mapping-3.0.dtd">
<!-- 
    Mapping file autogenerated by MyEclipse Persistence Tools
-->
<hibernate-mapping>
    <class name="cn.hiber.entity.StudentInfo" table="studentdb" catalog="stumansystemdb">
        <id name="sid" type="java.lang.Long">
            <column name="Sid" />
            <generator class="increment"></generator>
        </id>
        <property name="sname" type="java.lang.String">
            <column name="Sname" length="20" not-null="true" />
        </property>
        <property name="snumber" type="java.lang.String">
            <column name="Snumber" length="20" not-null="true" />
        </property>
        <property name="ssex" type="java.lang.String">
            <column name="Ssex" length="20" not-null="true" />
        </property>
        <property name="sage" type="java.lang.String">
            <column name="Sage" length="20" not-null="true" />
        </property>
        <property name="sclass" type="java.lang.String">
            <column name="Sclass" length="20" not-null="true" />
        </property>
        <property name="snativeplace" type="java.lang.String">
            <column name="Snativeplace" length="20" />
        </property>
        <property name="snation" type="java.lang.String">
            <column name="Snation" length="20" />
        </property>
        <property name="scollege" type="java.lang.String">
            <column name="Scollege" length="20" />
        </property>
        <property name="sbeiyong01" type="java.lang.String">
            <column name="Sbeiyong01" length="20" />
        </property>
        <property name="sbeiyong02" type="java.lang.String">
            <column name="Sbeiyong02" length="20" />
        </property>
    </class>
</hibernate-mapping>
