<?xml version="1.0" encoding="utf-8"?>
<!DOCTYPE hibernate-mapping PUBLIC "-//Hibernate/Hibernate Mapping DTD 3.0//EN"
"http://hibernate.sourceforge.net/hibernate-mapping-3.0.dtd">
<!-- 
    Mapping file autogenerated by MyEclipse Persistence Tools
-->
<hibernate-mapping>
    <class name="cn.hiber.entity.UserInfo" table="userdb" catalog="stumansystemdb">
        <id name="uid" type="long">
            <column name="Uid" length="20" />
            <generator class="increment"></generator>
        </id>
        <property name="uname" type="java.lang.String">
            <column name="Uname" length="20" not-null="true" />
        </property>
        <property name="upassword" type="java.lang.String">
            <column name="Upassword" length="20" not-null="true" />
        </property>
    </class>
</hibernate-mapping>
