Time,Road,Status,Longitude,Latitude,Status Value,Hour,Minute
2024.11.14 14:31:07,Fuxingmen Outer Street,Severe Congestion,116.355,39.912,0,14,31.0
2024.11.14 14:31:07,Fuxingmen South Street,Congestion,116.366,39.915,1,14,31.0
2024.11.14 14:31:07,Fuxingmen,Congestion,116.357,39.907,1,14,31.0
2024.11.14 14:31:07,Fuchengmen Outer Street,Slow Traffic,116.353,39.915,3,14,31.0
2024.11.15 14:31:07,Xidan,Severe Congestion,116.381,39.91,0,14,31.0
2024.11.15 14:31:07,Xisi North Street,Congestion,116.386,39.918,1,14,31.0
2024.11.15 14:31:07,Beichang Street,Smooth Traffic,116.403,39.919,2,14,31.0
2024.11.15 14:31:07,Donghuamen Street,Congestion,116.405,39.924,1,14,31.0
2024.11.15 14:31:07,Nanheyuan Street,Smooth Traffic,116.408,39.922,2,14,31.0
2024.11.15 14:31:07,Wangfujing Street,Smooth Traffic,116.411,39.922,2,14,31.0
2024.11.15 14:31:07,Beijing Oriental Plaza,Smooth Traffic,116.418,39.924,2,14,31.0
2024.11.15 14:31:07,Dongdan,Slow Traffic,116.425,39.92,3,14,31.0
2024.11.15 14:31:07,Chongwenmen Inner Street,Congestion,116.428,39.915,1,14,31.0
2024.11.15 14:31:07,Dongsi South Street,Congestion,116.429,39.917,1,14,31.0
2024.11.15 14:31:07,Jianguomen Inner Street,Smooth Traffic,116.433,39.915,2,14,31.0
2024.11.15 14:31:07,Jianguomen,Congestion,116.435,39.911,1,14,31.0
2024.11.15 14:31:07,Dongsi Ten,Congestion,116.438,39.92,1,14,31.0
2024.11.15 14:56:08,Fuxingmen Outer Street,Severe Congestion,116.355,39.912,0,14,56.0
2024.11.15 14:56:08,Fuxingmen South Street,Congestion,116.366,39.915,1,14,56.0
2024.11.16 14:56:08,Fuxingmen,Congestion,116.357,39.907,1,14,56.0
2024.11.16 14:56:08,Fuchengmen Outer Street,Congestion,116.353,39.915,1,14,56.0
2024.11.16 14:56:08,Xidan,Smooth Traffic,116.381,39.91,2,14,56.0
2024.11.16 14:56:08,Xisi North Street,Smooth Traffic,116.386,39.918,2,14,56.0
2024.11.16 14:56:08,Beichang Street,Smooth Traffic,116.403,39.919,2,14,56.0
2024.11.16 14:56:08,Donghuamen Street,Congestion,116.405,39.924,1,14,56.0
2024.11.16 14:56:08,Nanheyuan Street,Slow Traffic,116.408,39.922,3,14,56.0
2024.11.16 14:56:08,Wangfujing Street,Smooth Traffic,116.411,39.922,2,14,56.0
2024.11.16 14:56:08,Beijing Oriental Plaza,Congestion,116.418,39.924,1,14,56.0
2024.11.16 14:56:08,Dongdan,Slow Traffic,116.425,39.92,3,14,56.0
2024.11.16 14:56:08,Chongwenmen Inner Street,Slow Traffic,116.428,39.915,3,14,56.0
2024.11.16 14:56:08,Dongsi South Street,Smooth Traffic,116.429,39.917,2,14,56.0
2024.11.16 14:56:08,Jianguomen Inner Street,Congestion,116.433,39.915,1,14,56.0
2024.11.16 14:56:08,Jianguomen,Congestion,116.435,39.911,1,14,56.0
2024.11.16 14:56:08,Dongsi Ten,Congestion,116.438,39.92,1,14,56.0
2024-11-21 16:10:59,Fuxingmen Outer Street,Smooth Traffic,116.3525,39.9075,3,16,10.0
2024-11-21 16:10:59,Fuchengmen Outer Street,Slow Traffic,116.35,39.925,2,16,10.0
2024-11-21 16:11:00,Nanheyuan Street,Congestion,116.41,39.905,1,16,11.0
2024-11-21 16:11:00,Wangfujing Street,Congestion,116.41,39.915,1,16,11.0
2024-11-21 16:11:01,Beijing East Railway Street,Slow Traffic,116.445,39.905,2,16,11.0
2024-11-21 16:30:47,Fuxingmen Outer Street,Slow Traffic,116.3525,39.9075,2,16,30.0
2024-11-21 16:30:47,Fuchengmen Outer Street,Slow Traffic,116.35,39.925,2,16,30.0
2024-11-21 16:30:48,Donghuamen Street,Unknown,116.4,39.915,4,16,30.0
2024-11-21 16:30:48,Nanheyuan Street,Slow Traffic,116.41,39.905,2,16,30.0
2024-11-21 16:30:48,Wangfujing Street,Congestion,116.41,39.915,1,16,30.0
2024-11-21 16:30:49,Beijing East Railway Street,Slow Traffic,116.445,39.905,2,16,30.0
2024-11-21 16:35:49,Fuxingmen Outer Street,Congestion,116.3525,39.9075,1,16,35.0
2024-11-21 16:35:49,Fuchengmen Outer Street,Smooth Traffic,116.35,39.925,3,16,35.0
2024-11-21 16:35:50,Beichang Street,Congestion,116.39,39.92,1,16,35.0
2024-11-21 16:35:50,Donghuamen Street,Unknown,116.4,39.915,4,16,35.0
2024-11-21 16:35:50,Nanheyuan Street,Congestion,116.41,39.905,1,16,35.0
2024-11-21 16:35:50,Wangfujing Street,Congestion,116.41,39.915,1,16,35.0
2024-11-21 16:35:51,Dongsi Ten,Congestion,116.44,39.93,1,16,35.0
2024-11-21 16:35:51,Beijing East Railway Street,Smooth Traffic,116.445,39.905,3,16,35.0
2024-11-21 16:40:51,Fuxingmen Outer Street,Slow Traffic,116.3525,39.9075,2,16,40.0
2024-11-21 16:40:51,Fuchengmen Outer Street,Smooth Traffic,116.35,39.925,3,16,40.0
2024-11-21 16:40:52,Xisi North Street,Congestion,116.37,39.93,1,16,40.0
2024-11-21 16:40:52,Beichang Street,Congestion,116.39,39.92,1,16,40.0
2024-11-21 16:40:52,Donghuamen Street,Unknown,116.4,39.915,4,16,40.0
2024-11-21 16:40:52,Nanheyuan Street,Slow Traffic,116.41,39.905,2,16,40.0
2024-11-21 16:40:52,Wangfujing Street,Congestion,116.41,39.915,1,16,40.0
2024-11-21 16:40:53,Dongsi Ten,Congestion,116.44,39.93,1,16,40.0
2024-11-21 16:40:53,Beijing East Railway Street,Slow Traffic,116.445,39.905,2,16,40.0
2024-11-21 16:45:53,Fuxingmen Outer Street,Slow Traffic,116.3525,39.9075,2,16,45.0
2024-11-21 16:45:53,Fuchengmen Outer Street,Slow Traffic,116.35,39.925,2,16,45.0
2024-11-21 16:45:54,Xisi North Street,Congestion,116.37,39.93,1,16,45.0
2024-11-21 16:45:54,Beichang Street,Congestion,116.39,39.92,1,16,45.0
2024-11-21 16:45:54,Donghuamen Street,Unknown,116.4,39.915,4,16,45.0
2024-11-21 16:45:54,Nanheyuan Street,Slow Traffic,116.41,39.905,2,16,45.0
2024-11-21 16:45:55,Jianguomen Inner Street,Congestion,116.435,39.915,1,16,45.0
2024-11-21 16:45:55,Dongsi Ten,Congestion,116.44,39.93,1,16,45.0
2024-11-21 16:45:55,Beijing East Railway Street,Slow Traffic,116.445,39.905,2,16,45.0
2024-11-21 16:50:55,Fuxingmen Outer Street,Slow Traffic,116.3525,39.9075,2,16,50.0
2024-11-21 16:50:56,Fuchengmen Outer Street,Slow Traffic,116.35,39.925,2,16,50.0
2024-11-21 16:50:56,Xisi North Street,Slow Traffic,116.37,39.93,2,16,50.0
2024-11-21 16:50:56,Beichang Street,Slow Traffic,116.39,39.92,2,16,50.0
2024-11-21 16:50:56,Donghuamen Street,Unknown,116.4,39.915,4,16,50.0
2024-11-21 16:50:57,Chongwenmen Inner Street,Congestion,116.425,39.905,1,16,50.0
2024-11-21 16:50:57,Dongsi South Street,Congestion,116.43,39.92,1,16,50.0
2024-11-21 16:50:57,Jianguomen Inner Street,Slow Traffic,116.435,39.915,2,16,50.0
2024-11-21 16:50:57,Dongsi Ten,Congestion,116.44,39.93,1,16,50.0
2024-11-21 16:55:57,Fuxingmen Outer Street,Slow Traffic,116.3525,39.9075,2,16,55.0
2024-11-21 16:55:58,Fuchengmen Outer Street,Smooth Traffic,116.35,39.925,3,16,55.0
2024-11-21 16:55:58,Xisi North Street,Congestion,116.37,39.93,1,16,55.0
2024-11-21 16:55:58,Beichang Street,Congestion,116.39,39.92,1,16,55.0
2024-11-21 16:55:59,Chongwenmen Inner Street,Congestion,116.425,39.905,1,16,55.0
2024-11-21 16:55:59,Dongsi South Street,Congestion,116.43,39.92,1,16,55.0
2024-11-21 16:55:59,Jianguomen Inner Street,Congestion,116.435,39.915,1,16,55.0
2024-11-21 17:00:59,Fuxingmen Outer Street,Slow Traffic,116.3525,39.9075,2,17,0.0
2024-11-21 17:01:00,Fuchengmen Outer Street,Smooth Traffic,116.35,39.925,3,17,1.0
2024-11-21 17:01:00,Xisi North Street,Congestion,116.37,39.93,1,17,1.0
2024-11-21 17:01:01,Chongwenmen Inner Street,Slow Traffic,116.425,39.905,2,17,1.0
2024-11-21 17:01:01,Dongsi South Street,Congestion,116.43,39.92,1,17,1.0
2024-11-21 17:06:02,Fuxingmen Outer Street,Slow Traffic,116.3525,39.9075,2,17,6.0
2024-11-21 17:06:02,Fuchengmen Outer Street,Smooth Traffic,116.35,39.925,3,17,6.0
2024-11-21 17:06:03,Wangfujing Street,Congestion,116.41,39.915,1,17,6.0
2024-11-21 17:06:03,Chongwenmen Inner Street,Slow Traffic,116.425,39.905,2,17,6.0
2024-11-21 17:06:03,Dongsi South Street,Congestion,116.43,39.92,1,17,6.0
2024-11-21 17:23:31,Fuxingmen Outer Street,Smooth Traffic,116.3525,39.9075,3,17,23.0
2024-11-21 17:23:32,Fuchengmen Outer Street,Smooth Traffic,116.35,39.925,3,17,23.0
2024-11-21 17:23:32,Xisi North Street,Congestion,116.37,39.93,1,17,23.0
2024-11-21 17:23:33,Chongwenmen Inner Street,Smooth Traffic,116.425,39.905,3,17,23.0
2024-11-21 17:23:33,Dongsi South Street,Congestion,116.43,39.92,1,17,23.0
2024-11-21 17:23:33,Jianguomen Inner Street,Congestion,116.435,39.915,1,17,23.0
2024-11-21 17:28:34,Fuxingmen Outer Street,Smooth Traffic,116.3525,39.9075,3,17,28.0
2024-11-21 17:28:34,Fuchengmen Outer Street,Smooth Traffic,116.35,39.925,3,17,28.0
2024-11-21 17:28:35,Wangfujing Street,Slow Traffic,116.41,39.915,2,17,28.0
2024-11-21 17:28:35,Chongwenmen Inner Street,Congestion,116.425,39.905,1,17,28.0
2024-11-21 17:28:35,Dongsi South Street,Congestion,116.43,39.92,1,17,28.0
2024-11-21 17:33:36,Fuxingmen Outer Street,Smooth Traffic,116.3525,39.9075,3,17,33.0
2024-11-21 17:33:36,Fuchengmen Outer Street,Smooth Traffic,116.35,39.925,3,17,33.0
2024-11-21 17:33:37,Wangfujing Street,Slow Traffic,116.41,39.915,2,17,33.0
2024-11-21 17:33:38,Chongwenmen Inner Street,Congestion,116.425,39.905,1,17,33.0
2024-11-21 17:33:38,Dongsi South Street,Congestion,116.43,39.92,1,17,33.0
2024-11-21 17:33:38,Jianguomen Inner Street,Congestion,116.435,39.915,1,17,33.0
2024-11-21 17:33:38,Dongsi Ten,Congestion,116.44,39.93,1,17,33.0
2024-11-21 17:38:38,Fuxingmen Outer Street,Smooth Traffic,116.3525,39.9075,3,17,38.0
2024-11-21 17:38:39,Fuchengmen Outer Street,Smooth Traffic,116.35,39.925,3,17,38.0
2024-11-21 17:38:39,Xisi North Street,Congestion,116.37,39.93,1,17,38.0
2024-11-21 17:38:39,Beichang Street,Congestion,116.39,39.92,1,17,38.0
2024-11-21 17:38:40,Chongwenmen Inner Street,Smooth Traffic,116.425,39.905,3,17,38.0
2024-11-21 17:38:40,Dongsi South Street,Slow Traffic,116.43,39.92,2,17,38.0
2024-11-21 17:38:40,Jianguomen Inner Street,Congestion,116.435,39.915,1,17,38.0
2024-11-21 17:43:41,Fuxingmen Outer Street,Smooth Traffic,116.3525,39.9075,3,17,43.0
2024-11-21 17:43:41,Fuchengmen Outer Street,Smooth Traffic,116.35,39.925,3,17,43.0
2024-11-21 17:43:42,Chongwenmen Inner Street,Smooth Traffic,116.425,39.905,3,17,43.0
2024-11-21 17:43:42,Dongsi South Street,Slow Traffic,116.43,39.92,2,17,43.0
2024-11-21 17:43:43,Jianguomen Inner Street,Slow Traffic,116.435,39.915,2,17,43.0
2024-11-21 17:43:43,Dongsi Ten,Slow Traffic,116.44,39.93,2,17,43.0
2024-11-21 17:43:43,Beijing East Railway Street,Smooth Traffic,116.445,39.905,3,17,43.0
2024-11-21 16:10:59,Fuxingmen Outer Street,Smooth Traffic,116.3525,39.9075,3,16,10.0
2024-11-21 16:10:59,Fuchengmen Outer Street,Slow Traffic,116.35,39.925,2,16,10.0
2024-11-21 16:11:00,Nanheyuan Street,Congestion,116.41,39.905,1,16,11.0
2024-11-21 16:11:00,Wangfujing Street,Congestion,116.41,39.915,1,16,11.0
2024-11-21 16:11:01,Beijing East Railway Street,Slow Traffic,116.445,39.905,2,16,11.0
2024-11-21 16:30:47,Fuxingmen Outer Street,Slow Traffic,116.3525,39.9075,2,16,30.0
2024-11-21 16:30:47,Fuchengmen Outer Street,Slow Traffic,116.35,39.925,2,16,30.0
2024-11-21 16:30:48,Donghuamen Street,Unknown,116.4,39.915,4,16,30.0
2024-11-21 16:30:48,Nanheyuan Street,Slow Traffic,116.41,39.905,2,16,30.0
2024-11-21 16:30:48,Wangfujing Street,Congestion,116.41,39.915,1,16,30.0
2024-11-21 16:30:49,Beijing East Railway Street,Slow Traffic,116.445,39.905,2,16,30.0
2024-11-21 16:35:49,Fuxingmen Outer Street,Congestion,116.3525,39.9075,1,16,35.0
2024-11-21 16:35:49,Fuchengmen Outer Street,Smooth Traffic,116.35,39.925,3,16,35.0
2024-11-21 16:35:50,Beichang Street,Congestion,116.39,39.92,1,16,35.0
2024-11-21 16:35:50,Donghuamen Street,Unknown,116.4,39.915,4,16,35.0
2024-11-21 16:35:50,Nanheyuan Street,Congestion,116.41,39.905,1,16,35.0
2024-11-21 16:35:50,Wangfujing Street,Congestion,116.41,39.915,1,16,35.0
2024-11-21 16:35:51,Dongsi Ten,Congestion,116.44,39.93,1,16,35.0
2024-11-21 16:35:51,Beijing East Railway Street,Smooth Traffic,116.445,39.905,3,16,35.0
2024-11-21 16:40:51,Fuxingmen Outer Street,Slow Traffic,116.3525,39.9075,2,16,40.0
2024-11-21 16:40:51,Fuchengmen Outer Street,Smooth Traffic,116.35,39.925,3,16,40.0
2024-11-21 16:40:52,Xisi North Street,Congestion,116.37,39.93,1,16,40.0
2024-11-21 16:40:52,Beichang Street,Congestion,116.39,39.92,1,16,40.0
2024-11-21 16:40:52,Donghuamen Street,Unknown,116.4,39.915,4,16,40.0
2024-11-21 16:40:52,Nanheyuan Street,Slow Traffic,116.41,39.905,2,16,40.0
2024-11-21 16:40:52,Wangfujing Street,Congestion,116.41,39.915,1,16,40.0
2024-11-21 16:40:53,Dongsi Ten,Congestion,116.44,39.93,1,16,40.0
2024-11-21 16:40:53,Beijing East Railway Street,Slow Traffic,116.445,39.905,2,16,40.0
2024-11-21 16:45:53,Fuxingmen Outer Street,Slow Traffic,116.3525,39.9075,2,16,45.0
2024-11-21 16:45:53,Fuchengmen Outer Street,Slow Traffic,116.35,39.925,2,16,45.0
2024-11-21 16:45:54,Xisi North Street,Congestion,116.37,39.93,1,16,45.0
2024-11-21 16:45:54,Beichang Street,Congestion,116.39,39.92,1,16,45.0
2024-11-21 16:45:54,Donghuamen Street,Unknown,116.4,39.915,4,16,45.0
2024-11-21 16:45:54,Nanheyuan Street,Slow Traffic,116.41,39.905,2,16,45.0
2024-11-21 16:45:55,Jianguomen Inner Street,Congestion,116.435,39.915,1,16,45.0
2024-11-21 16:45:55,Dongsi Ten,Congestion,116.44,39.93,1,16,45.0
2024-11-21 16:45:55,Beijing East Railway Street,Slow Traffic,116.445,39.905,2,16,45.0
2024-11-21 16:50:55,Fuxingmen Outer Street,Slow Traffic,116.3525,39.9075,2,16,50.0
2024-11-21 16:50:56,Fuchengmen Outer Street,Slow Traffic,116.35,39.925,2,16,50.0
2024-11-21 16:50:56,Xisi North Street,Slow Traffic,116.37,39.93,2,16,50.0
2024-11-21 16:50:56,Beichang Street,Slow Traffic,116.39,39.92,2,16,50.0
2024-11-21 16:50:56,Donghuamen Street,Unknown,116.4,39.915,4,16,50.0
2024-11-21 16:50:57,Chongwenmen Inner Street,Congestion,116.425,39.905,1,16,50.0
2024-11-21 16:50:57,Dongsi South Street,Congestion,116.43,39.92,1,16,50.0
2024-11-21 16:50:57,Jianguomen Inner Street,Slow Traffic,116.435,39.915,2,16,50.0
2024-11-21 16:50:57,Dongsi Ten,Congestion,116.44,39.93,1,16,50.0
2024-11-21 16:55:57,Fuxingmen Outer Street,Slow Traffic,116.3525,39.9075,2,16,55.0
2024-11-21 16:55:58,Fuchengmen Outer Street,Smooth Traffic,116.35,39.925,3,16,55.0
2024-11-21 16:55:58,Xisi North Street,Congestion,116.37,39.93,1,16,55.0
2024-11-21 16:55:58,Beichang Street,Congestion,116.39,39.92,1,16,55.0
2024-11-21 16:55:59,Chongwenmen Inner Street,Congestion,116.425,39.905,1,16,55.0
2024-11-21 16:55:59,Dongsi South Street,Congestion,116.43,39.92,1,16,55.0
2024-11-21 16:55:59,Jianguomen Inner Street,Congestion,116.435,39.915,1,16,55.0
2024-11-21 17:00:59,Fuxingmen Outer Street,Slow Traffic,116.3525,39.9075,2,17,0.0
2024-11-21 17:01:00,Fuchengmen Outer Street,Smooth Traffic,116.35,39.925,3,17,1.0
2024-11-21 17:01:00,Xisi North Street,Congestion,116.37,39.93,1,17,1.0
2024-11-21 17:01:01,Chongwenmen Inner Street,Slow Traffic,116.425,39.905,2,17,1.0
2024-11-21 17:01:01,Dongsi South Street,Congestion,116.43,39.92,1,17,1.0
2024-11-21 17:06:02,Fuxingmen Outer Street,Slow Traffic,116.3525,39.9075,2,17,6.0
2024-11-21 17:06:02,Fuchengmen Outer Street,Smooth Traffic,116.35,39.925,3,17,6.0
2024-11-21 17:06:03,Wangfujing Street,Congestion,116.41,39.915,1,17,6.0
2024-11-21 17:06:03,Chongwenmen Inner Street,Slow Traffic,116.425,39.905,2,17,6.0
2024-11-21 17:06:03,Dongsi South Street,Congestion,116.43,39.92,1,17,6.0
2024-11-21 17:23:31,Fuxingmen Outer Street,Smooth Traffic,116.3525,39.9075,3,17,23.0
2024-11-21 17:23:32,Fuchengmen Outer Street,Smooth Traffic,116.35,39.925,3,17,23.0
2024-11-21 17:23:32,Xisi North Street,Congestion,116.37,39.93,1,17,23.0
2024-11-21 17:23:33,Chongwenmen Inner Street,Smooth Traffic,116.425,39.905,3,17,23.0
2024-11-21 17:23:33,Dongsi South Street,Congestion,116.43,39.92,1,17,23.0
2024-11-21 17:23:33,Jianguomen Inner Street,Congestion,116.435,39.915,1,17,23.0
2024-11-21 17:28:34,Fuxingmen Outer Street,Smooth Traffic,116.3525,39.9075,3,17,28.0
2024-11-21 17:28:34,Fuchengmen Outer Street,Smooth Traffic,116.35,39.925,3,17,28.0
2024-11-21 17:28:35,Wangfujing Street,Slow Traffic,116.41,39.915,2,17,28.0
2024-11-21 17:28:35,Chongwenmen Inner Street,Congestion,116.425,39.905,1,17,28.0
2024-11-21 17:28:35,Dongsi South Street,Congestion,116.43,39.92,1,17,28.0
2024-11-21 17:33:36,Fuxingmen Outer Street,Smooth Traffic,116.3525,39.9075,3,17,33.0
2024-11-21 17:33:36,Fuchengmen Outer Street,Smooth Traffic,116.35,39.925,3,17,33.0
2024-11-21 17:33:37,Wangfujing Street,Slow Traffic,116.41,39.915,2,17,33.0
2024-11-21 17:33:38,Chongwenmen Inner Street,Congestion,116.425,39.905,1,17,33.0
2024-11-21 17:33:38,Dongsi South Street,Congestion,116.43,39.92,1,17,33.0
2024-11-21 17:33:38,Jianguomen Inner Street,Congestion,116.435,39.915,1,17,33.0
2024-11-21 17:33:38,Dongsi Ten,Congestion,116.44,39.93,1,17,33.0
2024-11-21 17:38:38,Fuxingmen Outer Street,Smooth Traffic,116.3525,39.9075,3,17,38.0
2024-11-21 17:38:39,Fuchengmen Outer Street,Smooth Traffic,116.35,39.925,3,17,38.0
2024-11-21 17:38:39,Xisi North Street,Congestion,116.37,39.93,1,17,38.0
2024-11-21 17:38:39,Beichang Street,Congestion,116.39,39.92,1,17,38.0
2024-11-21 17:38:40,Chongwenmen Inner Street,Smooth Traffic,116.425,39.905,3,17,38.0
2024-11-21 17:38:40,Dongsi South Street,Slow Traffic,116.43,39.92,2,17,38.0
2024-11-21 17:38:40,Jianguomen Inner Street,Congestion,116.435,39.915,1,17,38.0
2024-11-21 17:43:41,Fuxingmen Outer Street,Smooth Traffic,116.3525,39.9075,3,17,43.0
2024-11-21 17:43:41,Fuchengmen Outer Street,Smooth Traffic,116.35,39.925,3,17,43.0
2024-11-21 17:43:42,Chongwenmen Inner Street,Smooth Traffic,116.425,39.905,3,17,43.0
2024-11-21 17:43:42,Dongsi South Street,Slow Traffic,116.43,39.92,2,17,43.0
2024-11-21 17:43:43,Jianguomen Inner Street,Slow Traffic,116.435,39.915,2,17,43.0
2024-11-21 17:43:43,Dongsi Ten,Slow Traffic,116.44,39.93,2,17,43.0
2024-11-21 17:43:43,Beijing East Railway Street,Smooth Traffic,116.445,39.905,3,17,43.0
2024-11-22 11:23:56,Fuxingmen Outer Street,Smooth Traffic,116.3525,39.9075,3,11,23.0
2024-11-22 11:23:57,Fuchengmen Outer Street,Slow Traffic,116.35,39.925,2,11,23.0
2024-11-22 11:23:57,Xisi North Street,Congestion,116.37,39.93,1,11,23.0
2024-11-22 11:23:57,Beichang Street,Congestion,116.39,39.92,1,11,23.0
2024-11-22 11:23:58,Chongwenmen Inner Street,Congestion,116.425,39.905,1,11,23.0
2024-11-22 11:23:58,Dongsi South Street,Congestion,116.43,39.92,1,11,23.0
2024-11-22 11:23:58,Jianguomen Inner Street,Congestion,116.435,39.915,1,11,23.0
2024-11-22 11:28:59,Fuxingmen Outer Street,Slow Traffic,116.3525,39.9075,2,11,28.0
2024-11-22 11:28:59,Fuchengmen Outer Street,Smooth Traffic,116.35,39.925,3,11,28.0
2024-11-22 11:29:00,Xisi North Street,Congestion,116.37,39.93,1,11,29.0
2024-11-22 11:29:00,Beichang Street,Congestion,116.39,39.92,1,11,29.0
2024-11-22 11:29:00,Donghuamen Street,Unknown,116.4,39.915,4,11,29.0
2024-11-22 11:29:00,Nanheyuan Street,Congestion,116.41,39.905,1,11,29.0
2024-11-22 11:29:01,Dongsi South Street,Congestion,116.43,39.92,1,11,29.0
2024-11-22 11:29:01,Jianguomen Inner Street,Congestion,116.435,39.915,1,11,29.0
2024-11-22 11:29:01,Dongsi Ten,Congestion,116.44,39.93,1,11,29.0
2024-11-22 11:34:02,Fuxingmen Outer Street,Slow Traffic,116.3525,39.9075,2,11,34.0
2024-11-22 11:34:03,Fuchengmen Outer Street,Smooth Traffic,116.35,39.925,3,11,34.0
2024-11-22 11:34:04,Xisi North Street,Congestion,116.37,39.93,1,11,34.0
2024-11-22 11:34:04,Beichang Street,Congestion,116.39,39.92,1,11,34.0
2024-11-22 11:34:04,Donghuamen Street,Unknown,116.4,39.915,4,11,34.0
2024-11-22 11:34:04,Nanheyuan Street,Congestion,116.41,39.905,1,11,34.0
2024-11-22 11:34:05,Chongwenmen Inner Street,Congestion,116.425,39.905,1,11,34.0
2024-11-22 11:34:07,Dongsi South Street,Congestion,116.43,39.92,1,11,34.0
2024-11-22 11:34:07,Jianguomen Inner Street,Congestion,116.435,39.915,1,11,34.0
2024-11-22 11:34:08,Dongsi Ten,Congestion,116.44,39.93,1,11,34.0
2024-11-22 11:34:08,Beijing East Railway Street,Smooth Traffic,116.445,39.905,3,11,34.0
2024-11-22 11:39:08,Fuxingmen Outer Street,Smooth Traffic,116.3525,39.9075,3,11,39.0
2024-11-22 11:39:09,Fuchengmen Outer Street,Smooth Traffic,116.35,39.925,3,11,39.0
2024-11-22 11:39:09,Xisi North Street,Congestion,116.37,39.93,1,11,39.0
2024-11-22 11:39:10,Beichang Street,Congestion,116.39,39.92,1,11,39.0
2024-11-22 11:39:10,Donghuamen Street,Unknown,116.4,39.915,4,11,39.0
2024-11-22 11:39:10,Nanheyuan Street,Congestion,116.41,39.905,1,11,39.0
2024-11-22 11:39:10,Wangfujing Street,Slow Traffic,116.41,39.915,2,11,39.0
2024-11-22 11:39:11,Dongsi Ten,Slow Traffic,116.44,39.93,2,11,39.0
2024-11-22 11:39:11,Beijing East Railway Street,Smooth Traffic,116.445,39.905,3,11,39.0
2024-11-22 11:44:12,Fuxingmen Outer Street,Slow Traffic,116.3525,39.9075,2,11,44.0
2024-11-22 11:44:13,Fuchengmen Outer Street,Smooth Traffic,116.35,39.925,3,11,44.0
2024-11-22 11:44:13,Xisi North Street,Congestion,116.37,39.93,1,11,44.0
2024-11-22 11:44:14,Chongwenmen Inner Street,Congestion,116.425,39.905,1,11,44.0
2024-11-22 11:44:14,Dongsi South Street,Congestion,116.43,39.92,1,11,44.0
2024-11-22 11:44:14,Jianguomen Inner Street,Congestion,116.435,39.915,1,11,44.0
2024-11-22 11:49:15,Fuxingmen Outer Street,Slow Traffic,116.3525,39.9075,2,11,49.0
2024-11-22 11:49:15,Fuchengmen Outer Street,Smooth Traffic,116.35,39.925,3,11,49.0
2024-11-22 11:49:16,Xisi North Street,Congestion,116.37,39.93,1,11,49.0
2024-11-22 11:49:16,Beichang Street,Congestion,116.39,39.92,1,11,49.0
2024-11-22 11:49:16,Donghuamen Street,Unknown,116.4,39.915,4,11,49.0
2024-11-22 11:49:17,Nanheyuan Street,Slow Traffic,116.41,39.905,2,11,49.0
2024-11-22 11:49:17,Wangfujing Street,Slow Traffic,116.41,39.915,2,11,49.0
2024-11-22 11:49:17,Chongwenmen Inner Street,Congestion,116.425,39.905,1,11,49.0
2024-11-22 11:49:17,Dongsi South Street,Congestion,116.43,39.92,1,11,49.0
2024-11-22 11:49:18,Dongsi Ten,Slow Traffic,116.44,39.93,2,11,49.0
2024-11-22 11:49:18,Beijing East Railway Street,Slow Traffic,116.445,39.905,2,11,49.0
2024-11-22 11:54:19,Fuxingmen Outer Street,Congestion,116.3525,39.9075,1,11,54.0
2024-11-22 11:54:19,Fuchengmen Outer Street,Slow Traffic,116.35,39.925,2,11,54.0
2024-11-22 11:54:20,Wangfujing Street,Slow Traffic,116.41,39.915,2,11,54.0
2024-11-22 11:54:20,Chongwenmen Inner Street,Congestion,116.425,39.905,1,11,54.0
2024-11-22 11:54:20,Dongsi South Street,Congestion,116.43,39.92,1,11,54.0
2024-11-22 11:59:21,Fuxingmen Outer Street,Slow Traffic,116.3525,39.9075,2,11,59.0
2024-11-22 11:59:22,Fuchengmen Outer Street,Slow Traffic,116.35,39.925,2,11,59.0
2024-11-22 11:59:22,Xisi North Street,Congestion,116.37,39.93,1,11,59.0
2024-11-22 11:59:22,Beichang Street,Congestion,116.39,39.92,1,11,59.0
2024-11-22 11:59:22,Donghuamen Street,Unknown,116.4,39.915,4,11,59.0
2024-11-22 11:59:23,Chongwenmen Inner Street,Congestion,116.425,39.905,1,11,59.0
2024-11-22 11:59:23,Dongsi South Street,Congestion,116.43,39.92,1,11,59.0
2024-11-22 11:59:23,Jianguomen Inner Street,Congestion,116.435,39.915,1,11,59.0
2024-11-22 12:04:24,Fuxingmen Outer Street,Slow Traffic,116.3525,39.9075,2,12,4.0
2024-11-22 12:04:24,Fuchengmen Outer Street,Slow Traffic,116.35,39.925,2,12,4.0
2024-11-22 12:04:25,Xisi North Street,Congestion,116.37,39.93,1,12,4.0
2024-11-22 12:04:25,Beichang Street,Congestion,116.39,39.92,1,12,4.0
2024-11-22 12:04:25,Donghuamen Street,Unknown,116.4,39.915,4,12,4.0
2024-11-22 12:04:25,Nanheyuan Street,Slow Traffic,116.41,39.905,2,12,4.0
2024-11-22 12:04:26,Dongsi South Street,Congestion,116.43,39.92,1,12,4.0
2024-11-22 12:04:26,Jianguomen Inner Street,Congestion,116.435,39.915,1,12,4.0
2024-11-22 12:04:26,Dongsi Ten,Congestion,116.44,39.93,1,12,4.0
2024-11-22 12:04:26,Beijing East Railway Street,Slow Traffic,116.445,39.905,2,12,4.0
2024-11-22 12:09:27,Fuxingmen Outer Street,Congestion,116.3525,39.9075,1,12,9.0
2024-11-22 12:09:27,Fuchengmen Outer Street,Slow Traffic,116.35,39.925,2,12,9.0
2024-11-22 12:09:28,Nanheyuan Street,Congestion,116.41,39.905,1,12,9.0
2024-11-22 12:09:28,Wangfujing Street,Congestion,116.41,39.915,1,12,9.0
2024-11-22 12:09:29,Dongsi Ten,Congestion,116.44,39.93,1,12,9.0
2024-11-22 12:09:29,Beijing East Railway Street,Slow Traffic,116.445,39.905,2,12,9.0
2024-11-22 12:14:30,Fuxingmen Outer Street,Slow Traffic,116.3525,39.9075,2,12,14.0
2024-11-22 12:14:30,Fuchengmen Outer Street,Slow Traffic,116.35,39.925,2,12,14.0
2024-11-22 12:14:31,Xisi North Street,Congestion,116.37,39.93,1,12,14.0
2024-11-22 12:14:31,Beichang Street,Congestion,116.39,39.92,1,12,14.0
2024-11-22 12:14:31,Donghuamen Street,Unknown,116.4,39.915,4,12,14.0
2024-11-22 12:14:31,Nanheyuan Street,Congestion,116.41,39.905,1,12,14.0
2024-11-22 12:14:31,Wangfujing Street,Congestion,116.41,39.915,1,12,14.0
2024-11-22 12:14:32,Dongsi South Street,Congestion,116.43,39.92,1,12,14.0
2024-11-22 12:14:32,Jianguomen Inner Street,Congestion,116.435,39.915,1,12,14.0
2024-11-22 12:14:32,Dongsi Ten,Congestion,116.44,39.93,1,12,14.0
2024-11-22 12:14:32,Beijing East Railway Street,Slow Traffic,116.445,39.905,2,12,14.0
2024-11-22 12:19:33,Fuxingmen Outer Street,Slow Traffic,116.3525,39.9075,2,12,19.0
2024-11-22 12:19:35,Fuchengmen Outer Street,Slow Traffic,116.35,39.925,2,12,19.0
2024-11-22 12:19:35,Xisi North Street,Congestion,116.37,39.93,1,12,19.0
2024-11-22 12:19:35,Beichang Street,Congestion,116.39,39.92,1,12,19.0
2024-11-22 12:19:35,Donghuamen Street,Unknown,116.4,39.915,4,12,19.0
2024-11-22 12:19:36,Wangfujing Street,Congestion,116.41,39.915,1,12,19.0
2024-11-22 12:19:36,Chongwenmen Inner Street,Congestion,116.425,39.905,1,12,19.0
2024-11-22 12:19:36,Dongsi South Street,Congestion,116.43,39.92,1,12,19.0
2024-11-22 12:19:37,Jianguomen Inner Street,Congestion,116.435,39.915,1,12,19.0
2024-11-22 12:19:37,Dongsi Ten,Slow Traffic,116.44,39.93,2,12,19.0
2024-11-22 12:19:37,Beijing East Railway Street,Slow Traffic,116.445,39.905,2,12,19.0
2024-11-23 14:37:53,Fuxingmen Outer Street,Slow Traffic,116.3525,39.9075,2,14,37.0
2024-11-23 14:37:53,Fuchengmen Outer Street,Smooth Traffic,116.35,39.925,3,14,37.0
2024-11-23 14:37:53,Xisi North Street,Slow Traffic,116.37,39.93,2,14,37.0
2024-11-23 14:37:53,Beichang Street,Congestion,116.39,39.92,1,14,37.0
2024-11-23 14:37:54,Chongwenmen Inner Street,Smooth Traffic,116.425,39.905,3,14,37.0
2024-11-23 14:37:54,Dongsi South Street,Slow Traffic,116.43,39.92,2,14,37.0
2024-11-23 14:37:54,Jianguomen Inner Street,Congestion,116.435,39.915,1,14,37.0
2024-11-23 15:02:56,Fuxingmen Outer Street,Slow Traffic,116.3525,39.9075,2,15,2.0
2024-11-23 15:02:56,Fuchengmen Outer Street,Smooth Traffic,116.35,39.925,3,15,2.0
2024-11-23 15:02:56,Xisi North Street,Congestion,116.37,39.93,1,15,2.0
2024-11-23 15:02:56,Beichang Street,Smooth Traffic,116.39,39.92,3,15,2.0
2024-11-23 15:02:57,Chongwenmen Inner Street,Congestion,116.425,39.905,1,15,2.0
2024-11-23 15:02:57,Dongsi South Street,Congestion,116.43,39.92,1,15,2.0
2024-11-23 15:02:57,Jianguomen Inner Street,Smooth Traffic,116.435,39.915,3,15,2.0
2024-11-23 15:27:59,Fuxingmen Outer Street,Slow Traffic,116.3525,39.9075,2,15,27.0
2024-11-23 15:27:59,Fuchengmen Outer Street,Smooth Traffic,116.35,39.925,3,15,27.0
2024-11-23 15:27:59,Xisi North Street,Congestion,116.37,39.93,1,15,27.0
2024-11-23 15:27:59,Beichang Street,Slow Traffic,116.39,39.92,2,15,27.0
2024-11-23 15:27:59,Donghuamen Street,Unknown,116.4,39.915,4,15,27.0
2024-11-23 15:28:00,Chongwenmen Inner Street,Congestion,116.425,39.905,1,15,28.0
2024-11-23 15:28:00,Dongsi South Street,Smooth Traffic,116.43,39.92,3,15,28.0
2024-11-23 15:28:00,Jianguomen Inner Street,Congestion,116.435,39.915,1,15,28.0
2024-11-23 15:28:01,Dongsi Ten,Smooth Traffic,116.44,39.93,3,15,28.0
2024-11-23 15:28:01,Beijing East Railway Street,Slow Traffic,116.445,39.905,2,15,28.0
2024-11-23 16:05:16,Fuxingmen Outer Street,Slow Traffic,116.3525,39.9075,2,16,5.0
2024-11-23 16:05:16,Fuchengmen Outer Street,Slow Traffic,116.35,39.925,2,16,5.0
2024-11-23 16:05:16,Xisi North Street,Congestion,116.37,39.93,1,16,5.0
2024-11-23 16:05:16,Beichang Street,Congestion,116.39,39.92,1,16,5.0
2024-11-23 16:05:17,Wangfujing Street,Slow Traffic,116.41,39.915,2,16,5.0
2024-11-23 16:05:17,Chongwenmen Inner Street,Smooth Traffic,116.425,39.905,3,16,5.0
2024-11-23 16:05:17,Dongsi South Street,Slow Traffic,116.43,39.92,2,16,5.0
2024-11-23 16:05:18,Dongsi Ten,Congestion,116.44,39.93,1,16,5.0
2024-11-23 16:05:18,Beijing East Railway Street,Slow Traffic,116.445,39.905,2,16,5.0
2024-11-23 16:30:18,Fuxingmen Outer Street,Slow Traffic,116.3525,39.9075,2,16,30.0
2024-11-23 16:30:19,Fuchengmen Outer Street,Smooth Traffic,116.35,39.925,3,16,30.0
2024-11-23 16:30:19,Beichang Street,Slow Traffic,116.39,39.92,2,16,30.0
2024-11-23 16:30:19,Donghuamen Street,Unknown,116.4,39.915,4,16,30.0
2024-11-23 16:30:19,Nanheyuan Street,Congestion,116.41,39.905,1,16,30.0
2024-11-23 16:30:19,Wangfujing Street,Congestion,116.41,39.915,1,16,30.0
2024-11-23 16:30:21,Chongwenmen Inner Street,Congestion,116.425,39.905,1,16,30.0
2024-11-23 16:30:21,Dongsi South Street,Smooth Traffic,116.43,39.92,3,16,30.0
2024-11-23 16:30:21,Jianguomen Inner Street,Congestion,116.435,39.915,1,16,30.0
2024-11-23 16:30:21,Dongsi Ten,Congestion,116.44,39.93,1,16,30.0
2024-11-23 16:30:22,Beijing East Railway Street,Slow Traffic,116.445,39.905,2,16,30.0
2024-11-23 16:55:22,Fuxingmen Outer Street,Slow Traffic,116.3525,39.9075,2,16,55.0
2024-11-23 16:55:23,Fuchengmen Outer Street,Smooth Traffic,116.35,39.925,3,16,55.0
2024-11-23 16:55:23,Xisi North Street,Slow Traffic,116.37,39.93,2,16,55.0
2024-11-23 16:55:23,Beichang Street,Slow Traffic,116.39,39.92,2,16,55.0
2024-11-23 16:55:23,Donghuamen Street,Unknown,116.4,39.915,4,16,55.0
2024-11-23 16:55:23,Nanheyuan Street,Slow Traffic,116.41,39.905,2,16,55.0
2024-11-23 16:55:24,Dongsi South Street,Slow Traffic,116.43,39.92,2,16,55.0
2024-11-23 16:55:24,Jianguomen Inner Street,Congestion,116.435,39.915,1,16,55.0
2024-11-23 16:55:24,Dongsi Ten,Congestion,116.44,39.93,1,16,55.0
2024-11-23 16:55:24,Beijing East Railway Street,Slow Traffic,116.445,39.905,2,16,55.0
2024-11-23 21:25:10,Fuxingmen Outer Street,Smooth Traffic,116.3525,39.9075,3,21,25.0
2024-11-23 21:25:10,Fuchengmen Outer Street,Slow Traffic,116.35,39.925,2,21,25.0
2024-11-23 21:25:10,Xisi North Street,Congestion,116.37,39.93,1,21,25.0
2024-11-23 21:25:11,Chongwenmen Inner Street,Congestion,116.425,39.905,1,21,25.0
2024-11-23 21:25:11,Dongsi South Street,Congestion,116.43,39.92,1,21,25.0
2024-11-23 21:25:11,Jianguomen Inner Street,Congestion,116.435,39.915,1,21,25.0
2024-11-23 21:50:12,Fuxingmen Outer Street,Slow Traffic,116.3525,39.9075,2,21,50.0
2024-11-23 21:50:13,Fuchengmen Outer Street,Slow Traffic,116.35,39.925,2,21,50.0
2024-11-23 21:50:13,Xisi North Street,Congestion,116.37,39.93,1,21,50.0
2024-11-23 21:50:13,Beichang Street,Congestion,116.39,39.92,1,21,50.0
2024-11-23 21:50:13,Donghuamen Street,Congestion,116.4,39.915,1,21,50.0
2024-11-23 21:50:13,Nanheyuan Street,Congestion,116.41,39.905,1,21,50.0
2024-11-23 21:50:14,Dongsi South Street,Congestion,116.43,39.92,1,21,50.0
2024-11-23 21:50:14,Jianguomen Inner Street,Congestion,116.435,39.915,1,21,50.0
2024-11-23 21:50:14,Dongsi Ten,Congestion,116.44,39.93,1,21,50.0
2024-11-23 21:50:14,Beijing East Railway Street,Slow Traffic,116.445,39.905,2,21,50.0
2024-11-23 22:15:15,Fuxingmen Outer Street,Slow Traffic,116.3525,39.9075,2,22,15.0
2024-11-23 22:15:16,Fuchengmen Outer Street,Slow Traffic,116.35,39.925,2,22,15.0
2024-11-23 22:15:16,Xisi North Street,Congestion,116.37,39.93,1,22,15.0
2024-11-23 22:15:16,Beichang Street,Congestion,116.39,39.92,1,22,15.0
2024-11-23 22:15:17,Donghuamen Street,Congestion,116.4,39.915,1,22,15.0
2024-11-23 22:15:17,Nanheyuan Street,Congestion,116.41,39.905,1,22,15.0
2024-11-23 22:15:17,Chongwenmen Inner Street,Congestion,116.425,39.905,1,22,15.0
2024-11-23 22:15:18,Dongsi South Street,Congestion,116.43,39.92,1,22,15.0
2024-11-23 22:15:18,Jianguomen Inner Street,Smooth Traffic,116.435,39.915,3,22,15.0
2024-11-23 22:15:18,Dongsi Ten,Congestion,116.44,39.93,1,22,15.0
2024-11-23 22:15:18,Beijing East Railway Street,Slow Traffic,116.445,39.905,2,22,15.0
2024-11-23 22:40:20,Fuxingmen Outer Street,Slow Traffic,116.3525,39.9075,2,22,40.0
2024-11-23 22:40:20,Fuchengmen Outer Street,Slow Traffic,116.35,39.925,2,22,40.0
2024-11-23 22:40:21,Xisi North Street,Congestion,116.37,39.93,1,22,40.0
2024-11-23 22:40:21,Beichang Street,Congestion,116.39,39.92,1,22,40.0
2024-11-23 22:40:21,Donghuamen Street,Congestion,116.4,39.915,1,22,40.0
2024-11-23 22:40:21,Nanheyuan Street,Congestion,116.41,39.905,1,22,40.0
2024-11-23 22:40:21,Wangfujing Street,Congestion,116.41,39.915,1,22,40.0
2024-11-23 22:40:22,Dongsi South Street,Congestion,116.43,39.92,1,22,40.0
2024-11-23 22:40:22,Jianguomen Inner Street,Congestion,116.435,39.915,1,22,40.0
2024-11-23 22:40:23,Dongsi Ten,Congestion,116.44,39.93,1,22,40.0
2024-11-23 22:40:23,Beijing East Railway Street,Slow Traffic,116.445,39.905,2,22,40.0
2024-11-23 23:05:24,Fuxingmen Outer Street,Congestion,116.3525,39.9075,1,23,5.0
2024-11-23 23:05:24,Fuchengmen Outer Street,Smooth Traffic,116.35,39.925,3,23,5.0
2024-11-23 23:05:25,Nanheyuan Street,Congestion,116.41,39.905,1,23,5.0
2024-11-23 23:05:25,Wangfujing Street,Congestion,116.41,39.915,1,23,5.0
2024-11-23 23:05:25,Chongwenmen Inner Street,Congestion,116.425,39.905,1,23,5.0
2024-11-23 23:05:26,Dongsi Ten,Congestion,116.44,39.93,1,23,5.0
2024-11-23 23:05:26,Beijing East Railway Street,Slow Traffic,116.445,39.905,2,23,5.0
2024-11-24 13:18:34,Fuxingmen Outer Street,Congestion,116.3525,39.9075,1,13,18.0
2024-11-24 13:18:35,Fuchengmen Outer Street,Slow Traffic,116.35,39.925,2,13,18.0
2024-11-24 13:18:35,Xisi North Street,Congestion,116.37,39.93,1,13,18.0
2024-11-24 13:18:35,Beichang Street,Congestion,116.39,39.92,1,13,18.0
2024-11-24 13:18:35,Donghuamen Street,Unknown,116.4,39.915,4,13,18.0
2024-11-24 13:18:35,Nanheyuan Street,Congestion,116.41,39.905,1,13,18.0
2024-11-24 13:18:36,Wangfujing Street,Slow Traffic,116.41,39.915,2,13,18.0
2024-11-24 13:18:36,Jianguomen Inner Street,Congestion,116.435,39.915,1,13,18.0
2024-11-24 13:18:36,Dongsi Ten,Congestion,116.44,39.93,1,13,18.0
2024-11-24 13:18:37,Beijing East Railway Street,Slow Traffic,116.445,39.905,2,13,18.0
2024-11-24 13:43:38,Fuxingmen Outer Street,Slow Traffic,116.3525,39.9075,2,13,43.0
2024-11-24 13:43:38,Fuchengmen Outer Street,Slow Traffic,116.35,39.925,2,13,43.0
2024-11-24 13:43:38,Xisi North Street,Congestion,116.37,39.93,1,13,43.0
2024-11-24 13:43:38,Beichang Street,Congestion,116.39,39.92,1,13,43.0
2024-11-24 13:43:39,Donghuamen Street,Unknown,116.4,39.915,4,13,43.0
2024-11-24 13:43:39,Chongwenmen Inner Street,Congestion,116.425,39.905,1,13,43.0
2024-11-24 13:43:39,Dongsi South Street,Congestion,116.43,39.92,1,13,43.0
2024-11-24 13:43:39,Jianguomen Inner Street,Congestion,116.435,39.915,1,13,43.0
2024-11-24 14:08:41,Fuxingmen Outer Street,Congestion,116.3525,39.9075,1,14,8.0
2024-11-24 14:08:41,Fuchengmen Outer Street,Slow Traffic,116.35,39.925,2,14,8.0
2024-11-24 14:08:42,Xisi North Street,Congestion,116.37,39.93,1,14,8.0
2024-11-24 14:08:42,Chongwenmen Inner Street,Congestion,116.425,39.905,1,14,8.0
2024-11-24 14:08:42,Dongsi South Street,Congestion,116.43,39.92,1,14,8.0
2024-11-24 14:08:43,Jianguomen Inner Street,Congestion,116.435,39.915,1,14,8.0
2024-11-24 14:33:44,Fuxingmen Outer Street,Smooth Traffic,116.3525,39.9075,3,14,33.0
2024-11-24 14:33:44,Fuchengmen Outer Street,Slow Traffic,116.35,39.925,2,14,33.0
2024-11-24 14:33:44,Xisi North Street,Congestion,116.37,39.93,1,14,33.0
2024-11-24 14:33:44,Beichang Street,Congestion,116.39,39.92,1,14,33.0
2024-11-24 14:33:45,Chongwenmen Inner Street,Congestion,116.425,39.905,1,14,33.0
2024-11-24 14:33:45,Dongsi South Street,Congestion,116.43,39.92,1,14,33.0
2024-11-24 14:33:45,Jianguomen Inner Street,Congestion,116.435,39.915,1,14,33.0
2024-11-24 14:58:47,Fuxingmen Outer Street,Slow Traffic,116.3525,39.9075,2,14,58.0
2024-11-24 14:58:47,Fuchengmen Outer Street,Slow Traffic,116.35,39.925,2,14,58.0
2024-11-24 14:58:47,Xisi North Street,Congestion,116.37,39.93,1,14,58.0
2024-11-24 14:58:47,Beichang Street,Congestion,116.39,39.92,1,14,58.0
2024-11-24 14:58:48,Donghuamen Street,Unknown,116.4,39.915,4,14,58.0
2024-11-24 14:58:48,Chongwenmen Inner Street,Congestion,116.425,39.905,1,14,58.0
2024-11-24 14:58:48,Dongsi South Street,Slow Traffic,116.43,39.92,2,14,58.0
2024-11-24 14:58:48,Jianguomen Inner Street,Congestion,116.435,39.915,1,14,58.0
2024-11-24 21:45:51,Fuxingmen Outer Street,Slow Traffic,116.3525,39.9075,2,21,45.0
2024-11-24 21:45:51,Fuchengmen Outer Street,Smooth Traffic,116.35,39.925,3,21,45.0
2024-11-24 21:45:51,Xisi North Street,Congestion,116.37,39.93,1,21,45.0
2024-11-24 21:45:52,Beichang Street,Congestion,116.39,39.92,1,21,45.0
2024-11-24 21:45:52,Nanheyuan Street,Congestion,116.41,39.905,1,21,45.0
2024-11-24 21:45:53,Wangfujing Street,Congestion,116.41,39.915,1,21,45.0
2024-11-24 21:45:54,Chongwenmen Inner Street,Congestion,116.425,39.905,1,21,45.0
2024-11-24 21:45:55,Dongsi South Street,Congestion,116.43,39.92,1,21,45.0
2024-11-24 21:45:55,Jianguomen Inner Street,Congestion,116.435,39.915,1,21,45.0
2024-11-24 21:45:57,Dongsi Ten,Congestion,116.44,39.93,1,21,45.0
2024-11-24 21:45:57,Beijing East Railway Street,Slow Traffic,116.445,39.905,2,21,45.0
2024-11-24 22:10:58,Fuxingmen Outer Street,Congestion,116.3525,39.9075,1,22,10.0
2024-11-24 22:10:58,Fuchengmen Outer Street,Slow Traffic,116.35,39.925,2,22,10.0
2024-11-24 22:10:58,Xisi North Street,Congestion,116.37,39.93,1,22,10.0
2024-11-24 22:10:58,Beichang Street,Congestion,116.39,39.92,1,22,10.0
2024-11-24 22:10:59,Donghuamen Street,Congestion,116.4,39.915,1,22,10.0
2024-11-24 22:10:59,Nanheyuan Street,Congestion,116.41,39.905,1,22,10.0
2024-11-24 22:10:59,Chongwenmen Inner Street,Congestion,116.425,39.905,1,22,10.0
2024-11-24 22:10:59,Dongsi South Street,Congestion,116.43,39.92,1,22,10.0
2024-11-24 22:10:59,Jianguomen Inner Street,Congestion,116.435,39.915,1,22,10.0
2024-11-24 22:11:00,Dongsi Ten,Congestion,116.44,39.93,1,22,11.0
2024-11-24 22:36:01,Fuxingmen Outer Street,Slow Traffic,116.3525,39.9075,2,22,36.0
2024-11-24 22:36:01,Fuchengmen Outer Street,Slow Traffic,116.35,39.925,2,22,36.0
2024-11-24 22:36:01,Xisi North Street,Congestion,116.37,39.93,1,22,36.0
2024-11-24 22:36:01,Beichang Street,Congestion,116.39,39.92,1,22,36.0
2024-11-24 22:36:02,Donghuamen Street,Congestion,116.4,39.915,1,22,36.0
2024-11-24 22:36:02,Nanheyuan Street,Congestion,116.41,39.905,1,22,36.0
2024-11-24 22:36:02,Chongwenmen Inner Street,Congestion,116.425,39.905,1,22,36.0
2024-11-24 22:36:02,Dongsi South Street,Congestion,116.43,39.92,1,22,36.0
2024-11-24 22:36:02,Jianguomen Inner Street,Congestion,116.435,39.915,1,22,36.0
2024-11-24 23:01:04,Fuxingmen Outer Street,Slow Traffic,116.3525,39.9075,2,23,1.0
2024-11-24 23:01:04,Fuchengmen Outer Street,Slow Traffic,116.35,39.925,2,23,1.0
2024-11-24 23:01:05,Xisi North Street,Congestion,116.37,39.93,1,23,1.0
2024-11-24 23:01:05,Beichang Street,Congestion,116.39,39.92,1,23,1.0
2024-11-24 23:01:05,Donghuamen Street,Congestion,116.4,39.915,1,23,1.0
2024-11-24 23:01:05,Nanheyuan Street,Congestion,116.41,39.905,1,23,1.0
2024-11-24 23:01:05,Wangfujing Street,Congestion,116.41,39.915,1,23,1.0
2024-11-24 23:01:06,Chongwenmen Inner Street,Congestion,116.425,39.905,1,23,1.0
2024-11-24 23:01:06,Dongsi South Street,Congestion,116.43,39.92,1,23,1.0
2024-11-24 23:01:06,Jianguomen Inner Street,Congestion,116.435,39.915,1,23,1.0
2024-11-24 23:01:07,Dongsi Ten,Congestion,116.44,39.93,1,23,1.0
2024-11-24 23:01:07,Beijing East Railway Street,Slow Traffic,116.445,39.905,2,23,1.0
2024-11-24 23:26:08,Fuxingmen Outer Street,Slow Traffic,116.3525,39.9075,2,23,26.0
2024-11-24 23:26:08,Fuchengmen Outer Street,Congestion,116.35,39.925,1,23,26.0
2024-11-24 23:26:08,Xisi North Street,Congestion,116.37,39.93,1,23,26.0
2024-11-24 23:26:08,Beichang Street,Congestion,116.39,39.92,1,23,26.0
2024-11-24 23:26:09,Donghuamen Street,Congestion,116.4,39.915,1,23,26.0
2024-11-24 23:26:09,Nanheyuan Street,Congestion,116.41,39.905,1,23,26.0
2024-11-24 23:26:09,Dongsi South Street,Congestion,116.43,39.92,1,23,26.0
2024-11-24 23:26:09,Jianguomen Inner Street,Congestion,116.435,39.915,1,23,26.0
2024-11-24 23:26:10,Dongsi Ten,Congestion,116.44,39.93,1,23,26.0
2024-11-24 23:26:10,Beijing East Railway Street,Slow Traffic,116.445,39.905,2,23,26.0
2024-11-24 23:51:11,Fuxingmen Outer Street,Slow Traffic,116.3525,39.9075,2,23,51.0
2024-11-24 23:51:11,Fuchengmen Outer Street,Slow Traffic,116.35,39.925,2,23,51.0
2024-11-24 23:51:11,Xisi North Street,Congestion,116.37,39.93,1,23,51.0
2024-11-24 23:51:11,Beichang Street,Congestion,116.39,39.92,1,23,51.0
2024-11-24 23:51:11,Donghuamen Street,Congestion,116.4,39.915,1,23,51.0
2024-11-24 23:51:12,Nanheyuan Street,Congestion,116.41,39.905,1,23,51.0
2024-11-24 23:51:12,Dongsi South Street,Congestion,116.43,39.92,1,23,51.0
2024-11-24 23:51:12,Jianguomen Inner Street,Congestion,116.435,39.915,1,23,51.0
2024-11-24 23:51:13,Dongsi Ten,Congestion,116.44,39.93,1,23,51.0
2024-11-24 23:51:13,Beijing East Railway Street,Congestion,116.445,39.905,1,23,51.0
2024-11-25 00:16:14,Fuxingmen Outer Street,Slow Traffic,116.3525,39.9075,2,0,16.0
2024-11-25 00:16:14,Fuchengmen Outer Street,Slow Traffic,116.35,39.925,2,0,16.0
2024-11-25 00:16:14,Xisi North Street,Congestion,116.37,39.93,1,0,16.0
2024-11-25 00:16:14,Beichang Street,Congestion,116.39,39.92,1,0,16.0
2024-11-25 00:16:15,Donghuamen Street,Congestion,116.4,39.915,1,0,16.0
2024-11-25 00:16:15,Chongwenmen Inner Street,Congestion,116.425,39.905,1,0,16.0
2024-11-25 00:16:15,Dongsi South Street,Congestion,116.43,39.92,1,0,16.0
2024-11-25 00:16:15,Jianguomen Inner Street,Congestion,116.435,39.915,1,0,16.0
2024-11-25 00:16:16,Dongsi Ten,Congestion,116.44,39.93,1,0,16.0
